# Repository table uncertainty_prcc. Partial rank correlation coefficients of the inputs with the results (Riyadh / Jeddah). Columns: setpoint lever, envelope lever, inverter lever, best admissible pre-cool (omitted when no sample saves), cost of a 2 K pre-peak and of a 2 K night pre-cool.
Input,Setp.,Env.,Inv.,Pre-peak,Night
indoor COP slope gamma,+0.93/+0.98,+0.04/+0.10,-0.17/-0.09,+0.69/+0.65,+0.76/+0.81
outdoor COP slope,-0.19/-0.10,+0.23/+0.39,+0.01/+0.09,-0.14/+0.34,-0.78/-0.80
COP ratio c_1/c_3,-0.32/-0.28,+0.43/+0.33,+0.90/+0.89,+0.35/+0.34,+0.12/+0.16
COP ratio c_2/c_3,-0.12/-0.09,+0.05/-0.10,+0.13/+0.17,+0.10/+0.03,+0.07/+0.07
inverter C_d,-0.19/+0.16,-0.36/-0.04,-0.89/-0.89,-0.37/-0.38,-0.15/-0.16
fixed-speed C_d,+0.04/+0.22,+0.04/+0.03,+0.94/+0.95,-0.08/-0.14,-0.13/-0.16
escalation thresholds (scale),-0.22/-0.27,-0.55/-0.27,+0.32/+0.33,-0.36/-0.34,-0.24/-0.19
air-node share of capacitance,-0.36/-0.41,-0.80/-0.80,+0.31/+0.05,-0.44/-0.46,+0.08/-0.04
latent COP,-0.10/+0.84,+0.12/+0.77,+0.14/+0.64,-0.06/+0.16,+0.04/+0.33
infiltration (ACH),-0.85/-0.57,-0.88/-0.96,-0.21/-0.82,+0.34/-0.27,+0.55/+0.15
internal gains (scale),+0.48/-0.80,-0.90/-0.77,-0.15/+0.01,-0.26/-0.24,-0.29/-0.37
wall U (thermal bridges),+0.00/+0.06,+0.35/+0.00,-0.07/+0.07,-0.04/-0.03,+0.02/-0.03
opaque solar absorptance,-0.07/-0.43,+0.85/+0.87,+0.11/+0.18,+0.05/+0.09,-0.00/+0.03
door exchange (scale),-0.03/-0.11,-0.14/+0.11,-0.15/-0.29,+0.02/+0.03,+0.05/+0.01
capacity derating slope,+0.06/+0.04,-0.31/+0.15,-0.05/-0.03,+0.09/+0.12,+0.15/+0.22
daily temperature swing (scale),-0.43/-0.20,+0.05/-0.03,+0.07/+0.13,-0.15/+0.12,-0.50/-0.55
air temperature shift [K],+0.73/-0.78,-0.52/+0.78,+0.12/+0.36,+0.02/-0.28,+0.21/-0.42
