key,value
two_node/Riyadh.peak_share_pct,24.9
two_node/Riyadh.peak_cut_prepeak2_pct,26.7
two_node/Riyadh.energy_prepeak2_pct,3.4
two_node/Riyadh.n_infeasible,0
two_node/Riyadh.rows.1.best_policy[0],0
two_node/Riyadh.rows.1.best_policy[1],0
two_node/Riyadh.rows.1.saving_pct,0.0
two_node/Riyadh.rows.1.saving_SAR,0
two_node/Riyadh.rows.1.prepeak2_pct,3.4
two_node/Riyadh.rows.1.base_bill,10456
two_node/Riyadh.rows.2.best_policy[0],2
two_node/Riyadh.rows.2.best_policy[1],3
two_node/Riyadh.rows.2.saving_pct,3.92
two_node/Riyadh.rows.2.saving_SAR,512
two_node/Riyadh.rows.2.prepeak2_pct,-2.6
two_node/Riyadh.rows.2.base_bill,13057
two_node/Riyadh.rows.3.best_policy[0],3
two_node/Riyadh.rows.3.best_policy[1],3
two_node/Riyadh.rows.3.saving_pct,14.19
two_node/Riyadh.rows.3.saving_SAR,2221
two_node/Riyadh.rows.3.prepeak2_pct,-6.6
two_node/Riyadh.rows.3.base_bill,15658
two_node/Riyadh.rows.5.best_policy[0],3
two_node/Riyadh.rows.5.best_policy[1],3
two_node/Riyadh.rows.5.saving_pct,27.46
two_node/Riyadh.rows.5.saving_SAR,5728
two_node/Riyadh.rows.5.prepeak2_pct,-11.6
two_node/Riyadh.rows.5.base_bill,20860
two_node/Jeddah.peak_share_pct,25.1
two_node/Jeddah.peak_cut_prepeak2_pct,26.6
two_node/Jeddah.energy_prepeak2_pct,4.3
two_node/Jeddah.n_infeasible,0
two_node/Jeddah.rows.1.best_policy[0],0
two_node/Jeddah.rows.1.best_policy[1],0
two_node/Jeddah.rows.1.saving_pct,0.0
two_node/Jeddah.rows.1.saving_SAR,0
two_node/Jeddah.rows.1.prepeak2_pct,4.3
two_node/Jeddah.rows.1.base_bill,15714
two_node/Jeddah.rows.2.best_policy[0],2
two_node/Jeddah.rows.2.best_policy[1],2.5
two_node/Jeddah.rows.2.saving_pct,2.49
two_node/Jeddah.rows.2.saving_SAR,490
two_node/Jeddah.rows.2.prepeak2_pct,-1.9
two_node/Jeddah.rows.2.base_bill,19653
two_node/Jeddah.rows.3.best_policy[0],2.5
two_node/Jeddah.rows.3.best_policy[1],3
two_node/Jeddah.rows.3.saving_pct,11.77
two_node/Jeddah.rows.3.saving_SAR,2778
two_node/Jeddah.rows.3.prepeak2_pct,-6.0
two_node/Jeddah.rows.3.base_bill,23592
two_node/Jeddah.rows.5.best_policy[0],3
two_node/Jeddah.rows.5.best_policy[1],3
two_node/Jeddah.rows.5.saving_pct,24.93
two_node/Jeddah.rows.5.saving_SAR,7844
two_node/Jeddah.rows.5.prepeak2_pct,-11.2
two_node/Jeddah.rows.5.base_bill,31469
one_node/Riyadh.peak_share_pct,28.9
one_node/Riyadh.peak_cut_prepeak2_pct,93.1
one_node/Riyadh.energy_prepeak2_pct,3.3
one_node/Riyadh.n_infeasible,0
one_node/Riyadh.rows.1.best_policy[0],0
one_node/Riyadh.rows.1.best_policy[1],0
one_node/Riyadh.rows.1.saving_pct,0.0
one_node/Riyadh.rows.1.saving_SAR,0
one_node/Riyadh.rows.1.prepeak2_pct,3.3
one_node/Riyadh.rows.1.base_bill,10627
one_node/Riyadh.rows.2.best_policy[0],0
one_node/Riyadh.rows.2.best_policy[1],2
one_node/Riyadh.rows.2.saving_pct,18.31
one_node/Riyadh.rows.2.saving_SAR,2507
one_node/Riyadh.rows.2.prepeak2_pct,-18.3
one_node/Riyadh.rows.2.base_bill,13694
one_node/Riyadh.rows.3.best_policy[0],0
one_node/Riyadh.rows.3.best_policy[1],2.5
one_node/Riyadh.rows.3.saving_pct,32.34
one_node/Riyadh.rows.3.saving_SAR,5421
one_node/Riyadh.rows.3.prepeak2_pct,-32.0
one_node/Riyadh.rows.3.base_bill,16762
one_node/Riyadh.rows.5.best_policy[0],0
one_node/Riyadh.rows.5.best_policy[1],2.5
one_node/Riyadh.rows.5.saving_pct,50.01
one_node/Riyadh.rows.5.saving_SAR,11450
one_node/Riyadh.rows.5.prepeak2_pct,-48.4
one_node/Riyadh.rows.5.base_bill,22896
one_node/Jeddah.peak_share_pct,27.6
one_node/Jeddah.peak_cut_prepeak2_pct,82.6
one_node/Jeddah.energy_prepeak2_pct,6.7
one_node/Jeddah.n_infeasible,6
one_node/Jeddah.rows.1.best_policy[0],0
one_node/Jeddah.rows.1.best_policy[1],0
one_node/Jeddah.rows.1.saving_pct,0.0
one_node/Jeddah.rows.1.saving_SAR,0
one_node/Jeddah.rows.1.prepeak2_pct,6.7
one_node/Jeddah.rows.1.base_bill,15849
one_node/Jeddah.rows.2.best_policy[0],0
one_node/Jeddah.rows.2.best_policy[1],1.5
one_node/Jeddah.rows.2.saving_pct,12.86
one_node/Jeddah.rows.2.saving_SAR,2600
one_node/Jeddah.rows.2.prepeak2_pct,-12.6
one_node/Jeddah.rows.2.base_bill,20216
one_node/Jeddah.rows.3.best_policy[0],0
one_node/Jeddah.rows.3.best_policy[1],2
one_node/Jeddah.rows.3.saving_pct,25.02
one_node/Jeddah.rows.3.saving_SAR,6149
one_node/Jeddah.rows.3.prepeak2_pct,-25.0
one_node/Jeddah.rows.3.base_bill,24583
one_node/Jeddah.rows.5.best_policy[0],0
one_node/Jeddah.rows.5.best_policy[1],2
one_node/Jeddah.rows.5.saving_pct,40.12
one_node/Jeddah.rows.5.saving_SAR,13368
one_node/Jeddah.rows.5.prepeak2_pct,-40.1
one_node/Jeddah.rows.5.base_bill,33317
