# Table 14. Sensitivity analysis (SBC-compliant building, Case 3): HVAC energy intensity [kWh/m^2yr], setpoint lever, saving of the best thermostat pre-cool (0.5-2 K in either window), and the change in cost of a 2 K pre-peak pre-cool. C_d: cycling degradation coefficient; sized by load: at 2.5 times the peak hourly load, the first tested margin that keeps every room within the safe set, unless stated; -: inadmissible, the reference policy lets a room pass the ceiling, so the run is excluded and nothing but its excursion (in the text) is reported. Selected variants; all 37 are in the supplementary material, Section S6.
Variant,Riyadh: Int.,Riyadh: Setp.,Riyadh: Pre-cool,Riyadh: 2 K,Jeddah: Int.,Jeddah: Setp.,Jeddah: Pre-cool,Jeddah: 2 K
Reference (base case),25.1,12.4%,0.00%,+3.4%,37.7,10.5%,0.00%,+4.3%
"One node, COP independent of indoor air",23.8,8.2%,0.08%,+1.8%,36.1,8.0%,0.00%,+5.0%
Escalation at 0.2 / 0.6 K,26.0,12.6%,0.00%,+3.1%,38.5,10.8%,0.00%,+4.4%
COP independent of indoor air,23.6,9.5%,0.00%,+2.2%,36.0,8.1%,0.00%,+3.0%
Indoor COP factor 3%/K,25.9,14.0%,0.00%,+4.1%,38.6,11.8%,0.00%,+5.1%
No cycling loss (C_d=0),21.3,12.5%,0.00%,+4.0%,33.2,10.1%,0.00%,+4.8%
3-ton units as inverter units,21.3,12.4%,0.00%,+4.5%,33.4,10.0%,0.00%,+5.2%
"Sized by load, all inverter",20.9,11.7%,0.00%,+2.9%,33.5,9.6%,0.00%,+3.0%
"Sized by load, fixed-speed kept",24.5,11.9%,0.00%,+2.6%,37.6,10.1%,0.00%,+2.9%
"Sized by load, 15% margin",-,-,-,-,-,-,-,-
Indoor fan on while compressor off,28.0,10.9%,0.00%,+3.3%,43.2,8.8%,0.00%,+4.1%
Infiltration 0.8 ACH,31.5,10.0%,0.00%,+3.4%,52.4,10.2%,0.00%,+3.8%
"Heat wave +3 K, swing x1.3",33.4,12.2%,0.00%,+3.1%,46.7,9.7%,0.00%,+4.1%
