# Table 3. Parameters and their provenance. Compliant envelope: Saudi residential requirements for climate Zone 1 [1, 35, 50]; pre-code: calibrated model of an existing Saudi residential building [37]. Each conductance is K=UA/1000 [kW/K] with A from the floor plan.
Quantity,SBC,Pre-code,Source / justification
Wall / roof / window U [W/m^2K],0.34 / 0.20 / 2.67,2.146 / 2.123 / 5.778,SBC Zone 1 [1]; existing stock [37]
Glazing SHGC,0.25,0.62,SBC Zone 1 [1]; existing stock [37]
Exterior wall incl. 17.3% glazing [W/m^2K],0.74,2.78,"derived (area-weighted, building mean)"
Partition / slab U [W/m^2K],1.728 / 2.047,,existing stock [37]
Ground slab U [W/m^2K]; ground temperature,"0.40; monthly, 2 m",,"ISO 13370 [54], uninsulated slab; TMYx ground record"
Capacitance C [kWh/K per 20 m^2],1.5 (270 kJ/m^2K),,heavy class of ISO 13790 [51]; block/concrete construction
Air-node share of C; air-structure coupling,5%; 9.9 W/m^2K of floor,,"ISO 13790 two-node simplification, heavy class [51]"
Infiltration n_ach [ACH],0.4,,"nominal, new construction (stock: 0.8 [1]); sensible and latent"
Interior doors / openings W_dx H_d [m]; C_dis,0.70-0.90x2.032 / 2.20-5.00x3.00; 0.6,,drawing; height SBC 201 [47]; [53]
Internal gains [W/m^2]: continuous + daytime half-sine; mean,"3.5 + 0-6.0 (08:00-20:00, peak 14:00); 5.4",,"end-use split [1]; times a room factor of 0-1.5 by use, assumed (Appendix [app:S3])"
Opaque solar absorptance,0.7,,"nominal (idealised, A5)"
Exterior film / ground reflectance,17 W/m^2K / 0.2,,nominal (sol-air temperature and diffuse gains)
"Sky long-wave: ; F_sky roof / walls, windows",0.9; 1 / 0.5,,ISO 13790 [51]; hourly infrared radiation of the TMYx file
Window solar,angle-dependent,,normalised SHGC curve of double glazing [52]
Unit sizes [ton],1.5 / 2.0 / 2.5 / 3.0,,"catalogue, by coverage (Table [tab:acspec])"
Mode capacity fractions f_1/f_2/f_3,0.35 / 0.65 / 1.0,,inverter units (Eq. [eq:cop]); fixed-speed: f_3 only
Cycling degradation C_d: inverter / fixed-speed,0.15 / 0.25,,"part-load factor per hour; inverter assumed, fixed-speed [55]"
Standby power; capacity derating,"3 W per unit; 1%/K about 35 degC, [0.8,1.1]",,nominal
Restart delay; mode escalation,"3 min; 0.4/1.0 K, full if lagging",,anti-short-cycle timer; nominal
Thermostat differential; setpoint step,1.0 K; 0.5 K,,typical room thermostat; state updated every 3 min
Cooling COP (modes 1/2/3),5.81/4.98/4.01xphi(T_a) g(V),,"SASO 2663 minimum at full load [48]; ratios and gamma assumed, Eq. [eq:cop]"
Heating COP (modes 1/2/3),4.6 / 4.0 / 3.2,,nominal heat-pump values
Heating / cooling capacity Q^h_i/Q_i,1.14,,nominal inverter heat pump (6.0 vs 5.28 kW at 1.5 t)
"Latent (dehumidification) COP, COP_lat",3.4,,"nominal, all modes (Eq. [eq:latent])"
Reference setpoints: cooling / heating [degC],23.5 / 22.5,,ceiling and band floor half the differential
Indoor humidity target omega^*,9.6 g/kg,,55% RH at 23 degC; within the 12 g/kg applicability limit of the ASHRAE 55 graphic method [44]
Weather,TMYx hourly,,measured (Fig. [fig:weather]; Appendix [app:S3])
