# Table 5. Absolute and relative errors of the model's estimates against their references (pairs of values: Riyadh / Jeddah, or case 600 / 900 and 640 / 940; the BESTEST-style cases are detailed in Appendix [app:S5]).
Quantity,Reference,Absolute error,Relative error
"Annual energy, 60 sampled days",full year (365 days),-1953 / +400 kWh,-3.7% / +0.5%
"Annual energy, 3-min step",1-min step,-,<=2.89%
Passive-zone heat budget,exact balance,<=0.6 W,<=1.3%
"Annual cooling, BESTEST-style 600 / 900",EnergyPlus,-0.02 / +0.41 MWh,-0.2% / +4.3%
"Annual cooling, BESTEST-style 640 / 940",EnergyPlus,-0.01 / +0.41 MWh,-0.1% / +4.3%
"Extra heat removed by a 2 K setback, storey box",EnergyPlus,0.1-2.5 points,4-56%
"Delivered cooling, storey box","EnergyPlus, same geometry",-11.8 to +1.3 kWh/m^2yr,-6.0 to +1.3%
Stock-equivalent EUI,regional average [1],-15 / +1 kWh/m^2yr,-11% / +1%
