# Table 25. Robustness of the thermostat pre-cooling result (SBC-compliant building, Case 3, volume tariff). Best saving: saving of the cheapest admissible policy against no pre-cooling [%] (positive: saves; 0: no pre-cooling is best; negative: every depth run costs, for the rows that do not include no pre-cooling among their options; -: not run, or inadmissible because the reference policy leaves the safe set). 2 K pre-peak: change in the annual bill of a 2 K pre-peak pre-cool [%] (positive: costs). Favourable choices: one node per zone, COP independent of the indoor air, inverter units in their lowest mode, no cycling loss. Dawn setback: all 365 days; the other rows: sampled year.
Test,Riyadh: Best saving,Riyadh: 2 K pre-peak,Jeddah: Best saving,Jeddah: 2 K pre-peak
"Base model, lattice of 49 policies",+0.00,+3.40,+0.00,+4.30
Inverter units in their lowest mode,+0.00,+1.95,+0.00,+2.84
Ramped pre-peak setback (0.5 K/h),-0.25,+2.26,-0.34,+3.04
Extra heat scaled to EnergyPlus,-,+2.94,-,+3.82
"Dawn setback, 2 K, all 365 days",-0.99,-,-1.80,-
Top floor only (15 units),+0.00,+0.82,+0.00,+1.14
Rooms with west windows only (12 units),+0.00,+1.02,+0.00,+1.29
Cycling loss charged per start,+0.00,+2.45,+0.00,+2.82
1-minute step,+0.00,+2.11,+0.00,+2.85
"1-minute step, 3-min minimum on/off, loss per start",-,-,+0.00,+2.45
Favourable choices combined,+0.77,-0.21,+0.03,+3.07
"Favourable choices, top floor only",+0.21,-0.20,+0.00,+0.50
